user_id,account_closed_reason
1,
2,
3,
4,
5,
6,
7,
8,support_issue
9,
10,
11,
12,
13,
14,
15,competitor
16,
17,
18,
19,
20,support_issue
21,
22,
23,
24,
25,
26,
27,
28,
29,
30,price
31,competitor
32,
33,
34,
35,
36,
37,
38,support_issue
39,
40,
41,
42,support_issue
43,
44,price
45,
46,
47,support_issue
48,
49,
50,
51,
52,support_issue
53,
54,
55,
56,
57,
58,
59,
60,
61,
62,
63,
64,
65,
66,
67,
68,
69,
70,
71,price
72,
73,
74,competitor
75,
76,
77,
78,support_issue
79,
80,
81,
82,competitor
83,
84,
85,
86,
87,
88,
89,missing_feature
90,
91,price
92,support_issue
93,
94,
95,
96,
97,
98,
99,
100,
101,
102,
103,
104,
105,competitor
106,missing_feature
107,
108,support_issue
109,
110,
111,competitor
112,
113,
114,
115,
116,
117,
118,
119,
120,competitor
121,
122,
123,price
124,
125,competitor
126,missing_feature
127,
128,
129,
130,
131,support_issue
132,support_issue
133,
134,
135,
136,
137,
138,
139,
140,
141,
142,
143,
144,
145,
146,
147,
148,
149,competitor
150,
151,price
152,
153,
154,
155,support_issue
156,
157,
158,support_issue
159,
160,
161,competitor
162,
163,competitor
164,
165,
166,price
167,
168,
169,
170,
171,
172,
173,
174,
175,price
176,missing_feature
177,
178,
179,
180,
181,
182,
183,support_issue
184,support_issue
185,price
186,
187,
188,
189,
190,
191,
192,
193,
194,
195,
196,support_issue
197,price
198,
199,
200,
201,
202,
203,
204,
205,support_issue
206,
207,
208,support_issue
209,
210,
211,
212,
213,
214,
215,
216,missing_feature
217,
218,support_issue
219,
220,
221,competitor
222,
223,
224,
225,competitor
226,
227,price
228,
229,
230,
231,competitor
232,support_issue
233,price
234,
235,
236,
237,
238,
239,
240,
241,
242,
243,
244,
245,
246,
247,
248,
249,
250,
251,
252,missing_feature
253,
254,support_issue
255,
256,
257,
258,competitor
259,
260,
261,
262,
263,
264,competitor
265,missing_feature
266,
267,
268,
269,
270,
271,competitor
272,
273,
274,
275,
276,price
277,
278,
279,
280,missing_feature
281,
282,
283,
284,
285,
286,missing_feature
287,
288,
289,
290,
291,
292,
293,competitor
294,support_issue
295,
296,
297,missing_feature
298,
299,
300,
301,missing_feature
302,
303,
304,
305,competitor
306,
307,
308,
309,
310,missing_feature
311,
312,
313,
314,
315,
316,
317,
318,
319,
320,
321,
322,
323,
324,
325,
326,
327,
328,price
329,
330,
331,
332,
333,competitor
334,
335,
336,
337,
338,
339,
340,
341,
342,
343,
344,
345,
346,
347,
348,
349,price
350,competitor
351,competitor
352,
353,
354,
355,
356,
357,
358,
359,
360,
361,
362,competitor
363,
364,
365,
366,
367,
368,
369,
370,
371,
372,
373,
374,
375,
376,
377,missing_feature
378,
379,
380,
381,price
382,
383,
384,support_issue
385,competitor
386,
387,
388,support_issue
389,
390,
391,price
392,
393,
394,
395,
396,
397,competitor
398,missing_feature
399,
400,price
401,
402,
403,
404,
405,competitor
406,
407,price
408,
409,
410,
411,
412,
413,competitor
414,
415,support_issue
416,
417,
418,
419,
420,
421,
422,
423,
424,
425,support_issue
426,
427,
428,
429,
430,
431,
432,
433,missing_feature
434,competitor
435,support_issue
436,
437,
438,
439,
440,competitor
441,
442,price
443,
444,
445,
446,
447,
448,
449,
450,missing_feature
451,
452,
453,
454,
455,
456,
457,
458,
459,support_issue
460,
461,
462,
463,
464,
465,
466,
467,price
468,
469,competitor
470,
471,missing_feature
472,
473,
474,
475,
476,
477,price
478,
479,
480,
481,
482,
483,
484,
485,
486,
487,
488,
489,competitor
490,price
491,
492,missing_feature
493,
494,
495,
496,
497,
498,
499,
500,
501,
502,
503,
504,
505,
506,
507,price
508,
509,
510,
511,
512,price
513,
514,
515,competitor
516,support_issue
517,
518,
519,support_issue
520,competitor
521,
522,support_issue
523,
524,support_issue
525,
526,
527,
528,
529,
530,missing_feature
531,competitor
532,
533,
534,
535,
536,
537,
538,
539,
540,
541,
542,
543,
544,support_issue
545,
546,
547,
548,missing_feature
549,missing_feature
550,
551,price
552,competitor
553,
554,
555,
556,
557,
558,
559,
560,
561,
562,
563,
564,
565,
566,
567,missing_feature
568,
569,
570,
571,
572,competitor
573,price
574,
575,
576,
577,
578,
579,
580,
581,price
582,
583,
584,
585,support_issue
586,
587,
588,support_issue
589,
590,missing_feature
591,
592,
593,
594,competitor
595,support_issue
596,competitor
597,
598,
599,
600,
601,competitor
602,
603,
604,support_issue
605,
606,support_issue
607,
608,missing_feature
609,
610,
611,
612,missing_feature
613,
614,
615,
616,
617,
618,
619,
620,
621,
622,
623,
624,
625,
626,
627,price
628,
629,
630,
631,
632,
633,
634,
635,
636,
637,
638,missing_feature
639,
640,
641,
642,
643,
644,price
645,
646,support_issue
647,
648,
649,
650,
651,
652,price
653,competitor
654,
655,missing_feature
656,price
657,
658,
659,
660,
661,
662,
663,
664,
665,
666,
667,
668,
669,
670,
671,
672,
673,
674,
675,support_issue
676,
677,
678,
679,
680,
681,
682,
683,
684,
685,
686,
687,
688,price
689,
690,
691,
692,
693,
694,
695,
696,
697,
698,
699,
700,
701,
702,
703,
704,
705,
706,
707,
708,
709,price
710,price
711,
712,missing_feature
713,
714,
715,
716,
717,
718,support_issue
719,
720,
721,
722,competitor
723,
724,
725,
726,
727,
728,
729,
730,
731,competitor
732,price
733,competitor
734,support_issue
735,price
736,
737,
738,
739,
740,missing_feature
741,
742,
743,
744,competitor
745,
746,
747,
748,support_issue
749,
750,
751,support_issue
752,
753,
754,
755,
756,competitor
757,
758,
759,support_issue
760,
761,
762,
763,
764,
765,support_issue
766,
767,
768,
769,
770,
771,competitor
772,
773,price
774,
775,
776,
777,
778,
779,
780,
781,
782,
783,competitor
784,
785,
786,
787,
788,
789,
790,
791,
792,
793,
794,price
795,support_issue
796,
797,support_issue
798,
799,
800,
801,
802,
803,
804,
805,
806,
807,price
808,
809,
810,competitor
811,
812,
813,
814,
815,
816,
817,
818,missing_feature
819,missing_feature
820,
821,
822,
823,price
824,
825,
826,
827,
828,
829,
830,missing_feature
831,
832,
833,
834,
835,
836,
837,competitor
838,support_issue
839,
840,price
841,competitor
842,
843,
844,price
845,missing_feature
846,
847,
848,
849,
850,
851,
852,price
853,
854,
855,support_issue
856,
857,price
858,
859,price
860,
861,
862,
863,
864,
865,
866,
867,
868,
869,
870,
871,competitor
872,
873,
874,
875,
876,
877,
878,support_issue
879,price
880,competitor
881,competitor
882,
883,
884,
885,
886,
887,
888,
889,
890,
891,
892,
893,
894,
895,price
896,
897,missing_feature
898,
899,
900,
901,competitor
902,
903,
904,
905,
906,
907,
908,
909,competitor
910,
911,
912,support_issue
913,
914,
915,support_issue
916,competitor
917,price
918,
919,support_issue
920,
921,
922,competitor
923,
924,
925,
926,
927,
928,
929,
930,
931,competitor
932,
933,
934,
935,competitor
936,
937,
938,
939,
940,support_issue
941,
942,
943,
944,
945,
946,price
947,
948,
949,competitor
950,
951,
952,
953,missing_feature
954,
955,
956,
957,missing_feature
958,
959,
960,
961,
962,
963,
964,
965,missing_feature
966,
967,
968,missing_feature
969,price
970,missing_feature
971,missing_feature
972,missing_feature
973,
974,
975,
976,
977,
978,
979,competitor
980,
981,
982,
983,
984,
985,
986,
987,
988,
989,
990,
991,
992,
993,
994,
995,
996,competitor
997,
998,
999,
1000,missing_feature
1001,
1002,missing_feature
1003,
1004,
1005,missing_feature
1006,
1007,
1008,
1009,
1010,
1011,
1012,
1013,
1014,
1015,
1016,
1017,
1018,
1019,
1020,
1021,support_issue
1022,
1023,
1024,
1025,
1026,
1027,competitor
1028,
1029,
1030,competitor
1031,
1032,
1033,
1034,
1035,
1036,
1037,
1038,
1039,support_issue
1040,
1041,
1042,
1043,
1044,
1045,
1046,
1047,
1048,
1049,
1050,
1051,
1052,
1053,
1054,
1055,
1056,
1057,
1058,
1059,
1060,
1061,
1062,
1063,
1064,competitor
1065,competitor
1066,
1067,
1068,
1069,
1070,
1071,
1072,
1073,
1074,
1075,
1076,
1077,
1078,
1079,missing_feature
1080,
1081,support_issue
1082,
1083,support_issue
1084,
1085,
1086,
1087,price
1088,support_issue
1089,
1090,
1091,
1092,
1093,
1094,
1095,
1096,
1097,
1098,support_issue
1099,
1100,competitor
1101,
1102,
1103,
1104,
1105,missing_feature
1106,
1107,
1108,
1109,
1110,missing_feature
1111,
1112,support_issue
1113,
1114,
1115,
1116,
1117,
1118,support_issue
1119,
1120,
1121,
1122,support_issue
1123,
1124,
1125,
1126,
1127,
1128,
1129,
1130,
1131,competitor
1132,
1133,
1134,
1135,
1136,
1137,
1138,
1139,
1140,
1141,
1142,
1143,
1144,competitor
1145,
1146,
1147,
1148,
1149,
1150,
1151,support_issue
1152,
1153,
1154,support_issue
1155,
1156,
1157,support_issue
1158,
1159,price
1160,
1161,
1162,
1163,
1164,
1165,
1166,
1167,
1168,
1169,
1170,
1171,competitor
1172,
1173,
1174,
1175,
1176,price
1177,
1178,
1179,
1180,support_issue
1181,
1182,
1183,
1184,
1185,
1186,
1187,
1188,
1189,
1190,support_issue
1191,
1192,
1193,
1194,
1195,support_issue
1196,
1197,
1198,
1199,
1200,
1201,
1202,price
1203,
1204,
1205,
1206,
1207,
1208,price
1209,
1210,
1211,
1212,
1213,
1214,
1215,
1216,
1217,price
1218,
1219,
1220,missing_feature
1221,
1222,
1223,support_issue
1224,
1225,price
1226,
1227,
1228,
1229,
1230,
1231,
1232,
1233,
1234,
1235,support_issue
1236,
1237,
1238,
1239,
1240,
1241,
1242,
1243,
1244,price
1245,missing_feature
1246,missing_feature
1247,
1248,
1249,
1250,
1251,
1252,
1253,
1254,
1255,competitor
1256,
1257,
1258,
1259,price
1260,missing_feature
1261,support_issue
1262,missing_feature
1263,
1264,
1265,
1266,
1267,
1268,
1269,
1270,
1271,price
1272,
1273,
1274,price
1275,missing_feature
1276,
1277,missing_feature
1278,support_issue
1279,
1280,support_issue
1281,support_issue
1282,
1283,
1284,missing_feature
1285,
1286,missing_feature
1287,
1288,
1289,
1290,
1291,
1292,
1293,
1294,
1295,
1296,
1297,
1298,
1299,
1300,
1301,
1302,
1303,
1304,
1305,
1306,
1307,price
1308,
1309,missing_feature
1310,
1311,missing_feature
1312,
1313,
1314,competitor
1315,
1316,
1317,competitor
1318,
1319,
1320,
1321,
1322,competitor
1323,missing_feature
1324,
1325,
1326,
1327,
1328,
1329,
1330,
1331,
1332,
1333,
1334,
1335,
1336,
1337,
1338,
1339,missing_feature
1340,
1341,
1342,
1343,
1344,
1345,
1346,
1347,
1348,
1349,
1350,
1351,
1352,
1353,
1354,
1355,competitor
1356,
1357,
1358,
1359,
1360,
1361,competitor
1362,competitor
1363,
1364,
1365,
1366,
1367,
1368,
1369,
1370,
1371,
1372,support_issue
1373,
1374,
1375,
1376,support_issue
1377,
1378,
1379,
1380,
1381,
1382,competitor
1383,
1384,
1385,
1386,
1387,competitor
1388,
1389,price
1390,
1391,
1392,
1393,
1394,
1395,missing_feature
1396,
1397,
1398,
1399,
1400,
1401,
1402,
1403,
1404,
1405,
1406,
1407,
1408,
1409,
1410,
1411,support_issue
1412,price
1413,
1414,
1415,
1416,
1417,competitor
1418,competitor
1419,
1420,
1421,
1422,missing_feature
1423,
1424,
1425,
1426,missing_feature
1427,
1428,price
1429,
1430,
1431,
1432,
1433,
1434,
1435,
1436,support_issue
1437,
1438,
1439,competitor
1440,support_issue
1441,
1442,
1443,
1444,
1445,
1446,
1447,
1448,
1449,
1450,
1451,support_issue
1452,
1453,missing_feature
1454,
1455,
1456,
1457,
1458,
1459,
1460,
1461,
1462,
1463,
1464,
1465,
1466,competitor
1467,
1468,
1469,support_issue
1470,
1471,
1472,
1473,
1474,
1475,
1476,
1477,price
1478,missing_feature
1479,
1480,
1481,competitor
1482,
1483,
1484,
1485,
1486,
1487,
1488,
1489,
1490,
1491,
1492,support_issue
1493,
1494,
1495,
1496,competitor
1497,
1498,support_issue
1499,price
1500,
1501,
1502,
1503,
1504,missing_feature
1505,
1506,
1507,
1508,
1509,
1510,
1511,
1512,
1513,
1514,
1515,
1516,
1517,
1518,
1519,
1520,missing_feature
1521,
1522,
1523,
1524,
1525,
1526,price
1527,
1528,
1529,
1530,
1531,
1532,
1533,price
1534,
1535,
1536,
1537,
1538,
1539,
1540,
1541,
1542,
1543,
1544,
1545,
1546,missing_feature
1547,
1548,
1549,
1550,
1551,competitor
1552,
1553,
1554,
1555,
1556,
1557,competitor
1558,
1559,
1560,
1561,
1562,
1563,price
1564,
1565,
1566,
1567,
1568,
1569,support_issue
1570,
1571,price
1572,
1573,
1574,
1575,
1576,
1577,
1578,price
1579,
1580,competitor
1581,
1582,
1583,
1584,
1585,
1586,
1587,
1588,missing_feature
1589,
1590,
1591,
1592,
1593,
1594,
1595,
1596,
1597,
1598,
1599,
1600,
1601,
1602,
1603,
1604,
1605,
1606,
1607,
1608,
1609,
1610,
1611,
1612,support_issue
1613,support_issue
1614,
1615,
1616,
1617,
1618,
1619,
1620,
1621,
1622,
1623,
1624,competitor
1625,
1626,competitor
1627,
1628,price
1629,
1630,
1631,
1632,
1633,
1634,
1635,
1636,
1637,competitor
1638,
1639,competitor
1640,
1641,
1642,missing_feature
1643,
1644,
1645,
1646,
1647,
1648,competitor
1649,
1650,
1651,
1652,
1653,
1654,
1655,
1656,price
1657,
1658,
1659,
1660,
1661,
1662,
1663,
1664,
1665,
1666,
1667,
1668,
1669,
1670,
1671,
1672,
1673,
1674,
1675,
1676,
1677,support_issue
1678,
1679,
1680,competitor
1681,
1682,
1683,missing_feature
1684,
1685,
1686,
1687,support_issue
1688,
1689,
1690,
1691,
1692,
1693,
1694,
1695,
1696,missing_feature
1697,
1698,
1699,
1700,
1701,price
1702,
1703,
1704,
1705,
1706,
1707,
1708,
1709,
1710,
1711,support_issue
1712,
1713,
1714,
1715,price
1716,
1717,
1718,
1719,price
1720,
1721,
1722,
1723,
1724,
1725,
1726,
1727,competitor
1728,competitor
1729,
1730,
1731,
1732,missing_feature
1733,
1734,
1735,
1736,
1737,
1738,support_issue
1739,
1740,support_issue
1741,
1742,
1743,
1744,
1745,
1746,
1747,
1748,
1749,
1750,
1751,missing_feature
1752,
1753,
1754,missing_feature
1755,
1756,
1757,
1758,
1759,
1760,
1761,
1762,
1763,
1764,
1765,
1766,
1767,
1768,price
1769,
1770,
1771,
1772,
1773,
1774,price
1775,
1776,missing_feature
1777,
1778,
1779,
1780,
1781,
1782,
1783,competitor
1784,
1785,
1786,competitor
1787,
1788,missing_feature
1789,
1790,
1791,
1792,
1793,
1794,
1795,
1796,
1797,
1798,
1799,
1800,
1801,
1802,
1803,
1804,
1805,
1806,
1807,
1808,
1809,
1810,
1811,
1812,
1813,
1814,
1815,
1816,support_issue
1817,
1818,
1819,
1820,
1821,
1822,
1823,price
1824,support_issue
1825,
1826,
1827,
1828,
1829,
1830,
1831,
1832,
1833,
1834,
1835,
1836,
1837,
1838,
1839,
1840,
1841,support_issue
1842,
1843,
1844,
1845,price
1846,
1847,
1848,
1849,support_issue
1850,
1851,
1852,
1853,
1854,
1855,
1856,
1857,
1858,
1859,
1860,
1861,
1862,price
1863,
1864,
1865,
1866,
1867,
1868,
1869,
1870,
1871,
1872,
1873,
1874,
1875,
1876,
1877,
1878,
1879,competitor
1880,support_issue
1881,competitor
1882,price
1883,
1884,
1885,
1886,competitor
1887,price
1888,competitor
1889,missing_feature
1890,
1891,
1892,competitor
1893,
1894,
1895,
1896,price
1897,
1898,
1899,
1900,
1901,
1902,
1903,price
1904,
1905,
1906,
1907,
1908,
1909,
1910,support_issue
1911,
1912,
1913,price
1914,
1915,
1916,
1917,
1918,
1919,
1920,
1921,
1922,
1923,
1924,
1925,
1926,support_issue
1927,
1928,competitor
1929,
1930,
1931,
1932,missing_feature
1933,
1934,
1935,
1936,missing_feature
1937,
1938,
1939,
1940,
1941,
1942,
1943,
1944,
1945,
1946,
1947,
1948,missing_feature
1949,
1950,
1951,
1952,
1953,
1954,
1955,price
1956,
1957,
1958,
1959,
1960,
1961,
1962,competitor
1963,
1964,
1965,
1966,
1967,
1968,
1969,
1970,
1971,
1972,
1973,
1974,support_issue
1975,
1976,
1977,
1978,
1979,
1980,competitor
1981,
1982,
1983,missing_feature
1984,support_issue
1985,
1986,
1987,
1988,
1989,
1990,missing_feature
1991,
1992,
1993,
1994,
1995,competitor
1996,
1997,
1998,
1999,
2000,support_issue
